 2021-11-16T03:02:34.416352800Z cols=,false,rows=,false,levels=,false,tiles=,false,downscale=,0,crop=,0,write=,0,await=,1024, for size ,1, took,204, cpu total ,352765, per process ,352765
 2021-11-16T03:05:54.556190600Z cols=,false,rows=,false,levels=,false,tiles=,false,downscale=,0,crop=,0,write=,1024,await=,1024, for size ,1, took,194, cpu total ,381718, per process ,381718
 2021-11-16T03:08:16.403190100Z cols=,false,rows=,false,levels=,false,tiles=,false,downscale=,0,crop=,1024,write=,0,await=,1024, for size ,1, took,136, cpu total ,361328, per process ,361328
 2021-11-16T03:10:32.202687400Z cols=,false,rows=,false,levels=,false,tiles=,false,downscale=,0,crop=,1024,write=,1024,await=,1024, for size ,1, took,129, cpu total ,392546, per process ,392546
 2021-11-16T03:12:59.323867700Z cols=,false,rows=,false,levels=,false,tiles=,false,downscale=,0,crop=,10240,write=,0,await=,1024, for size ,1, took,141, cpu total ,385593, per process ,385593
 2021-11-16T03:15:23.259327500Z cols=,false,rows=,false,levels=,false,tiles=,false,downscale=,0,crop=,10240,write=,1024,await=,1024, for size ,1, took,137, cpu total ,411031, per process ,411031
 2021-11-16T03:18:21.520440400Z cols=,false,rows=,false,levels=,false,tiles=,false,downscale=,1024,crop=,0,write=,0,await=,1024, for size ,1, took,171, cpu total ,325453, per process ,325453
 2021-11-16T03:21:10.162369900Z cols=,false,rows=,false,levels=,false,tiles=,false,downscale=,1024,crop=,0,write=,1024,await=,1024, for size ,1, took,163, cpu total ,342781, per process ,342781
 2021-11-16T03:23:30.630115100Z cols=,false,rows=,false,levels=,false,tiles=,false,downscale=,1024,crop=,1024,write=,0,await=,1024, for size ,1, took,134, cpu total ,365453, per process ,365453
 2021-11-16T03:25:46.157365300Z cols=,false,rows=,false,levels=,false,tiles=,false,downscale=,1024,crop=,1024,write=,1024,await=,1024, for size ,1, took,129, cpu total ,394796, per process ,394796
 2021-11-16T03:28:13.822654800Z cols=,false,rows=,false,levels=,false,tiles=,false,downscale=,1024,crop=,10240,write=,0,await=,1024, for size ,1, took,141, cpu total ,387765, per process ,387765
 2021-11-16T03:30:35.127159300Z cols=,false,rows=,false,levels=,false,tiles=,false,downscale=,1024,crop=,10240,write=,1024,await=,1024, for size ,1, took,134, cpu total ,414546, per process ,414546
 2021-11-16T03:33:47.096737100Z cols=,false,rows=,false,levels=,false,tiles=,false,downscale=,10240,crop=,0,write=,0,await=,1024, for size ,1, took,185, cpu total ,340859, per process ,340859
 2021-11-16T03:36:40.552480100Z cols=,false,rows=,false,levels=,false,tiles=,false,downscale=,10240,crop=,0,write=,1024,await=,1024, for size ,1, took,166, cpu total ,348734, per process ,348734
 2021-11-16T03:39:04.182098500Z cols=,false,rows=,false,levels=,false,tiles=,false,downscale=,10240,crop=,1024,write=,0,await=,1024, for size ,1, took,137, cpu total ,366531, per process ,366531
 2021-11-16T03:41:25.125098600Z cols=,false,rows=,false,levels=,false,tiles=,false,downscale=,10240,crop=,1024,write=,1024,await=,1024, for size ,1, took,134, cpu total ,394343, per process ,394343
 2021-11-16T03:43:53.860360200Z cols=,false,rows=,false,levels=,false,tiles=,false,downscale=,10240,crop=,10240,write=,0,await=,1024, for size ,1, took,141, cpu total ,392109, per process ,392109
 2021-11-16T03:46:12.624554300Z cols=,false,rows=,false,levels=,false,tiles=,false,downscale=,10240,crop=,10240,write=,1024,await=,1024, for size ,1, took,131, cpu total ,405343, per process ,405343
 2021-11-16T03:49:03.408867700Z cols=,false,rows=,false,levels=,false,tiles=,true,downscale=,0,crop=,0,write=,0,await=,1024, for size ,1, took,164, cpu total ,426953, per process ,426953
 2021-11-16T03:51:41.618745400Z cols=,false,rows=,false,levels=,false,tiles=,true,downscale=,0,crop=,0,write=,1024,await=,1024, for size ,1, took,152, cpu total ,455015, per process ,455015
 2021-11-16T03:53:58.436673100Z cols=,false,rows=,false,levels=,false,tiles=,true,downscale=,0,crop=,1024,write=,0,await=,1024, for size ,1, took,130, cpu total ,335109, per process ,335109
 2021-11-16T03:56:11.614786900Z cols=,false,rows=,false,levels=,false,tiles=,true,downscale=,0,crop=,1024,write=,1024,await=,1024, for size ,1, took,127, cpu total ,363671, per process ,363671
 2021-11-16T03:58:36.168245800Z cols=,false,rows=,false,levels=,false,tiles=,true,downscale=,0,crop=,10240,write=,0,await=,1024, for size ,1, took,138, cpu total ,355937, per process ,355937
 2021-11-16T04:00:54.472368900Z cols=,false,rows=,false,levels=,false,tiles=,true,downscale=,0,crop=,10240,write=,1024,await=,1024, for size ,1, took,131, cpu total ,381468, per process ,381468
 2021-11-16T04:03:17.070050300Z cols=,false,rows=,false,levels=,false,tiles=,true,downscale=,1024,crop=,0,write=,0,await=,1024, for size ,1, took,136, cpu total ,356062, per process ,356062
 2021-11-16T04:05:32.081830300Z cols=,false,rows=,false,levels=,false,tiles=,true,downscale=,1024,crop=,0,write=,1024,await=,1024, for size ,1, took,129, cpu total ,367281, per process ,367281
 2021-11-16T04:07:47.068589800Z cols=,false,rows=,false,levels=,false,tiles=,true,downscale=,1024,crop=,1024,write=,0,await=,1024, for size ,1, took,129, cpu total ,331375, per process ,331375
 2021-11-16T04:09:56.294108400Z cols=,false,rows=,false,levels=,false,tiles=,true,downscale=,1024,crop=,1024,write=,1024,await=,1024, for size ,1, took,123, cpu total ,363015, per process ,363015
 2021-11-16T04:12:19.247111500Z cols=,false,rows=,false,levels=,false,tiles=,true,downscale=,1024,crop=,10240,write=,0,await=,1024, for size ,1, took,137, cpu total ,355140, per process ,355140
 2021-11-16T04:14:36.076546200Z cols=,false,rows=,false,levels=,false,tiles=,true,downscale=,1024,crop=,10240,write=,1024,await=,1024, for size ,1, took,130, cpu total ,378781, per process ,378781
 2021-11-16T04:16:59.050569Z cols=,false,rows=,false,levels=,false,tiles=,true,downscale=,10240,crop=,0,write=,0,await=,1024, for size ,1, took,137, cpu total ,350125, per process ,350125
 2021-11-16T04:19:15.921039900Z cols=,false,rows=,false,levels=,false,tiles=,true,downscale=,10240,crop=,0,write=,1024,await=,1024, for size ,1, took,130, cpu total ,375843, per process ,375843
 2021-11-16T04:21:32.792512700Z cols=,false,rows=,false,levels=,false,tiles=,true,downscale=,10240,crop=,1024,write=,0,await=,1024, for size ,1, took,130, cpu total ,330515, per process ,330515
 2021-11-16T04:23:47.689189400Z cols=,false,rows=,false,levels=,false,tiles=,true,downscale=,10240,crop=,1024,write=,1024,await=,1024, for size ,1, took,128, cpu total ,365875, per process ,365875
 2021-11-16T04:26:09.532183100Z cols=,false,rows=,false,levels=,false,tiles=,true,downscale=,10240,crop=,10240,write=,0,await=,1024, for size ,1, took,135, cpu total ,350453, per process ,350453
 2021-11-16T04:28:26.994193200Z cols=,false,rows=,false,levels=,false,tiles=,true,downscale=,10240,crop=,10240,write=,1024,await=,1024, for size ,1, took,130, cpu total ,386375, per process ,386375
 2021-11-16T04:31:13.189390600Z cols=,false,rows=,false,levels=,true,tiles=,false,downscale=,0,crop=,0,write=,0,await=,1024, for size ,1, took,160, cpu total ,426390, per process ,426390
 2021-11-16T04:33:45.802177900Z cols=,false,rows=,false,levels=,true,tiles=,false,downscale=,0,crop=,0,write=,1024,await=,1024, for size ,1, took,146, cpu total ,454718, per process ,454718
 2021-11-16T04:35:18.606576200Z cols=,false,rows=,false,levels=,true,tiles=,false,downscale=,0,crop=,1024,write=,0,await=,1024, for size ,1, took,86, cpu total ,435781, per process ,435781
 2021-11-16T04:36:47.803692800Z cols=,false,rows=,false,levels=,true,tiles=,false,downscale=,0,crop=,1024,write=,1024,await=,1024, for size ,1, took,82, cpu total ,460218, per process ,460218
 2021-11-16T04:38:24.380521100Z cols=,false,rows=,false,levels=,true,tiles=,false,downscale=,0,crop=,10240,write=,0,await=,1024, for size ,1, took,90, cpu total ,449671, per process ,449671
 2021-11-16T04:39:56.125955200Z cols=,false,rows=,false,levels=,true,tiles=,false,downscale=,0,crop=,10240,write=,1024,await=,1024, for size ,1, took,85, cpu total ,482109, per process ,482109
 2021-11-16T04:42:05.222357400Z cols=,false,rows=,false,levels=,true,tiles=,false,downscale=,1024,crop=,0,write=,0,await=,1024, for size ,1, took,122, cpu total ,381468, per process ,381468
 2021-11-16T04:44:06.162341200Z cols=,false,rows=,false,levels=,true,tiles=,false,downscale=,1024,crop=,0,write=,1024,await=,1024, for size ,1, took,115, cpu total ,397390, per process ,397390
 2021-11-16T04:45:35.786847400Z cols=,false,rows=,false,levels=,true,tiles=,false,downscale=,1024,crop=,1024,write=,0,await=,1024, for size ,1, took,83, cpu total ,419781, per process ,419781
 2021-11-16T04:47:00.557939200Z cols=,false,rows=,false,levels=,true,tiles=,false,downscale=,1024,crop=,1024,write=,1024,await=,1024, for size ,1, took,78, cpu total ,446390, per process ,446390
 2021-11-16T04:48:37.093729600Z cols=,false,rows=,false,levels=,true,tiles=,false,downscale=,1024,crop=,10240,write=,0,await=,1024, for size ,1, took,90, cpu total ,434593, per process ,434593
 2021-11-16T04:50:05.339982Z cols=,false,rows=,false,levels=,true,tiles=,false,downscale=,1024,crop=,10240,write=,1024,await=,1024, for size ,1, took,82, cpu total ,459953, per process ,459953
 2021-11-16T04:52:15.981789100Z cols=,false,rows=,false,levels=,true,tiles=,false,downscale=,10240,crop=,0,write=,0,await=,1024, for size ,1, took,123, cpu total ,381093, per process ,381093
 2021-11-16T04:54:18.966633100Z cols=,false,rows=,false,levels=,true,tiles=,false,downscale=,10240,crop=,0,write=,1024,await=,1024, for size ,1, took,116, cpu total ,401640, per process ,401640
 2021-11-16T04:55:49.788227800Z cols=,false,rows=,false,levels=,true,tiles=,false,downscale=,10240,crop=,1024,write=,0,await=,1024, for size ,1, took,84, cpu total ,416687, per process ,416687
 2021-11-16T04:57:18.371786400Z cols=,false,rows=,false,levels=,true,tiles=,false,downscale=,10240,crop=,1024,write=,1024,await=,1024, for size ,1, took,82, cpu total ,450765, per process ,450765
 2021-11-16T04:58:52.820680Z cols=,false,rows=,false,levels=,true,tiles=,false,downscale=,10240,crop=,10240,write=,0,await=,1024, for size ,1, took,87, cpu total ,433843, per process ,433843
 2021-11-16T05:00:22.209239800Z cols=,false,rows=,false,levels=,true,tiles=,false,downscale=,10240,crop=,10240,write=,1024,await=,1024, for size ,1, took,83, cpu total ,463734, per process ,463734
 2021-11-16T05:02:19.118477800Z cols=,false,rows=,false,levels=,true,tiles=,true,downscale=,0,crop=,0,write=,0,await=,1024, for size ,1, took,110, cpu total ,491718, per process ,491718
 2021-11-16T05:03:59.834069800Z cols=,false,rows=,false,levels=,true,tiles=,true,downscale=,0,crop=,0,write=,1024,await=,1024, for size ,1, took,94, cpu total ,526109, per process ,526109
 2021-11-16T05:05:30.608621300Z cols=,false,rows=,false,levels=,true,tiles=,true,downscale=,0,crop=,1024,write=,0,await=,1024, for size ,1, took,84, cpu total ,400796, per process ,400796
 2021-11-16T05:06:55.118476500Z cols=,false,rows=,false,levels=,true,tiles=,true,downscale=,0,crop=,1024,write=,1024,await=,1024, for size ,1, took,78, cpu total ,423812, per process ,423812
 2021-11-16T05:08:28.665550100Z cols=,false,rows=,false,levels=,true,tiles=,true,downscale=,0,crop=,10240,write=,0,await=,1024, for size ,1, took,86, cpu total ,406328, per process ,406328
 2021-11-16T05:09:56.218173300Z cols=,false,rows=,false,levels=,true,tiles=,true,downscale=,0,crop=,10240,write=,1024,await=,1024, for size ,1, took,81, cpu total ,442890, per process ,442890
 2021-11-16T05:11:29.978475400Z cols=,false,rows=,false,levels=,true,tiles=,true,downscale=,1024,crop=,0,write=,0,await=,1024, for size ,1, took,86, cpu total ,404750, per process ,404750
 2021-11-16T05:12:57.276866200Z cols=,false,rows=,false,levels=,true,tiles=,true,downscale=,1024,crop=,0,write=,1024,await=,1024, for size ,1, took,81, cpu total ,434421, per process ,434421
 2021-11-16T05:14:23.881625200Z cols=,false,rows=,false,levels=,true,tiles=,true,downscale=,1024,crop=,1024,write=,0,await=,1024, for size ,1, took,80, cpu total ,387875, per process ,387875
 2021-11-16T05:15:47.731879800Z cols=,false,rows=,false,levels=,true,tiles=,true,downscale=,1024,crop=,1024,write=,1024,await=,1024, for size ,1, took,77, cpu total ,422015, per process ,422015
 2021-11-16T05:17:17.613619800Z cols=,false,rows=,false,levels=,true,tiles=,true,downscale=,1024,crop=,10240,write=,0,await=,1024, for size ,1, took,83, cpu total ,400750, per process ,400750
 2021-11-16T05:18:43.151408800Z cols=,false,rows=,false,levels=,true,tiles=,true,downscale=,1024,crop=,10240,write=,1024,await=,1024, for size ,1, took,79, cpu total ,434796, per process ,434796
 2021-11-16T05:20:18.162813400Z cols=,false,rows=,false,levels=,true,tiles=,true,downscale=,10240,crop=,0,write=,0,await=,1024, for size ,1, took,88, cpu total ,402312, per process ,402312
 2021-11-16T05:21:47.049648200Z cols=,false,rows=,false,levels=,true,tiles=,true,downscale=,10240,crop=,0,write=,1024,await=,1024, for size ,1, took,82, cpu total ,437609, per process ,437609
 2021-11-16T05:23:14.577246500Z cols=,false,rows=,false,levels=,true,tiles=,true,downscale=,10240,crop=,1024,write=,0,await=,1024, for size ,1, took,81, cpu total ,379562, per process ,379562
 2021-11-16T05:24:37.364535300Z cols=,false,rows=,false,levels=,true,tiles=,true,downscale=,10240,crop=,1024,write=,1024,await=,1024, for size ,1, took,76, cpu total ,406968, per process ,406968
 2021-11-16T05:26:08.257193600Z cols=,false,rows=,false,levels=,true,tiles=,true,downscale=,10240,crop=,10240,write=,0,await=,1024, for size ,1, took,84, cpu total ,405125, per process ,405125
 2021-11-16T05:27:34.298440800Z cols=,false,rows=,false,levels=,true,tiles=,true,downscale=,10240,crop=,10240,write=,1024,await=,1024, for size ,1, took,79, cpu total ,436390, per process ,436390
 2021-11-16T05:30:45.096954900Z cols=,true,rows=,false,levels=,false,tiles=,false,downscale=,0,crop=,0,write=,0,await=,1024, for size ,1, took,184, cpu total ,632328, per process ,632328
 2021-11-16T05:33:38.034164800Z cols=,true,rows=,false,levels=,false,tiles=,false,downscale=,0,crop=,0,write=,1024,await=,1024, for size ,1, took,167, cpu total ,664218, per process ,664218
 2021-11-16T05:35:30.384337400Z cols=,true,rows=,false,levels=,false,tiles=,false,downscale=,0,crop=,1024,write=,0,await=,1024, for size ,1, took,106, cpu total ,621109, per process ,621109
 2021-11-16T05:37:18.859986400Z cols=,true,rows=,false,levels=,false,tiles=,false,downscale=,0,crop=,1024,write=,1024,await=,1024, for size ,1, took,101, cpu total ,660781, per process ,660781
 2021-11-16T05:39:15.137734Z cols=,true,rows=,false,levels=,false,tiles=,false,downscale=,0,crop=,10240,write=,0,await=,1024, for size ,1, took,110, cpu total ,637968, per process ,637968
 2021-11-16T05:41:07.000989800Z cols=,true,rows=,false,levels=,false,tiles=,false,downscale=,0,crop=,10240,write=,1024,await=,1024, for size ,1, took,105, cpu total ,670734, per process ,670734
 2021-11-16T05:43:39.833978300Z cols=,true,rows=,false,levels=,false,tiles=,false,downscale=,1024,crop=,0,write=,0,await=,1024, for size ,1, took,145, cpu total ,597515, per process ,597515
 2021-11-16T05:46:00.548946100Z cols=,true,rows=,false,levels=,false,tiles=,false,downscale=,1024,crop=,0,write=,1024,await=,1024, for size ,1, took,135, cpu total ,601875, per process ,601875
 2021-11-16T05:47:50.877280100Z cols=,true,rows=,false,levels=,false,tiles=,false,downscale=,1024,crop=,1024,write=,0,await=,1024, for size ,1, took,104, cpu total ,623734, per process ,623734
 2021-11-16T05:49:36.363211700Z cols=,true,rows=,false,levels=,false,tiles=,false,downscale=,1024,crop=,1024,write=,1024,await=,1024, for size ,1, took,99, cpu total ,648750, per process ,648750
 2021-11-16T05:51:32.132492100Z cols=,true,rows=,false,levels=,false,tiles=,false,downscale=,1024,crop=,10240,write=,0,await=,1024, for size ,1, took,109, cpu total ,640500, per process ,640500
 2021-11-16T05:53:21.573018600Z cols=,true,rows=,false,levels=,false,tiles=,false,downscale=,1024,crop=,10240,write=,1024,await=,1024, for size ,1, took,103, cpu total ,664468, per process ,664468
 2021-11-16T05:55:55.218746500Z cols=,true,rows=,false,levels=,false,tiles=,false,downscale=,10240,crop=,0,write=,0,await=,1024, for size ,1, took,147, cpu total ,583921, per process ,583921
 2021-11-16T05:58:23.957010900Z cols=,true,rows=,false,levels=,false,tiles=,false,downscale=,10240,crop=,0,write=,1024,await=,1024, for size ,1, took,142, cpu total ,623328, per process ,623328
 2021-11-16T06:00:15.286272Z cols=,true,rows=,false,levels=,false,tiles=,false,downscale=,10240,crop=,1024,write=,0,await=,1024, for size ,1, took,105, cpu total ,615437, per process ,615437
 2021-11-16T06:02:00.840006200Z cols=,true,rows=,false,levels=,false,tiles=,false,downscale=,10240,crop=,1024,write=,1024,await=,1024, for size ,1, took,99, cpu total ,638671, per process ,638671
 2021-11-16T06:03:51.674801Z cols=,true,rows=,false,levels=,false,tiles=,false,downscale=,10240,crop=,10240,write=,0,await=,1024, for size ,1, took,104, cpu total ,625937, per process ,625937
 2021-11-16T06:05:37.706226900Z cols=,true,rows=,false,levels=,false,tiles=,false,downscale=,10240,crop=,10240,write=,1024,await=,1024, for size ,1, took,100, cpu total ,646359, per process ,646359
 2021-11-16T06:07:44.912910100Z cols=,true,rows=,false,levels=,false,tiles=,true,downscale=,0,crop=,0,write=,0,await=,1024, for size ,1, took,120, cpu total ,670765, per process ,670765
 2021-11-16T06:09:39.597206Z cols=,true,rows=,false,levels=,false,tiles=,true,downscale=,0,crop=,0,write=,1024,await=,1024, for size ,1, took,108, cpu total ,702843, per process ,702843
 2021-11-16T06:11:26.303245100Z cols=,true,rows=,false,levels=,false,tiles=,true,downscale=,0,crop=,1024,write=,0,await=,1024, for size ,1, took,101, cpu total ,573125, per process ,573125
 2021-11-16T06:13:08.409102100Z cols=,true,rows=,false,levels=,false,tiles=,true,downscale=,0,crop=,1024,write=,1024,await=,1024, for size ,1, took,96, cpu total ,611218, per process ,611218
 2021-11-16T06:14:56.987844600Z cols=,true,rows=,false,levels=,false,tiles=,true,downscale=,0,crop=,10240,write=,0,await=,1024, for size ,1, took,102, cpu total ,600687, per process ,600687
 2021-11-16T06:16:41.485876800Z cols=,true,rows=,false,levels=,false,tiles=,true,downscale=,0,crop=,10240,write=,1024,await=,1024, for size ,1, took,98, cpu total ,620875, per process ,620875
 2021-11-16T06:18:36.405388700Z cols=,true,rows=,false,levels=,false,tiles=,true,downscale=,1024,crop=,0,write=,0,await=,1024, for size ,1, took,108, cpu total ,597468, per process ,597468
 2021-11-16T06:20:23.303600400Z cols=,true,rows=,false,levels=,false,tiles=,true,downscale=,1024,crop=,0,write=,1024,await=,1024, for size ,1, took,101, cpu total ,630218, per process ,630218
 2021-11-16T06:22:10.800358800Z cols=,true,rows=,false,levels=,false,tiles=,true,downscale=,1024,crop=,1024,write=,0,await=,1024, for size ,1, took,101, cpu total ,583625, per process ,583625
 2021-11-16T06:23:53.946161400Z cols=,true,rows=,false,levels=,false,tiles=,true,downscale=,1024,crop=,1024,write=,1024,await=,1024, for size ,1, took,96, cpu total ,615265, per process ,615265
 2021-11-16T06:25:45.334458900Z cols=,true,rows=,false,levels=,false,tiles=,true,downscale=,1024,crop=,10240,write=,0,await=,1024, for size ,1, took,105, cpu total ,607500, per process ,607500
 2021-11-16T06:27:32.210653900Z cols=,true,rows=,false,levels=,false,tiles=,true,downscale=,1024,crop=,10240,write=,1024,await=,1024, for size ,1, took,100, cpu total ,635390, per process ,635390
 2021-11-16T06:29:30.723430500Z cols=,true,rows=,false,levels=,false,tiles=,true,downscale=,10240,crop=,0,write=,0,await=,1024, for size ,1, took,111, cpu total ,615171, per process ,615171
 2021-11-16T06:31:20.628379600Z cols=,true,rows=,false,levels=,false,tiles=,true,downscale=,10240,crop=,0,write=,1024,await=,1024, for size ,1, took,103, cpu total ,638046, per process ,638046
 2021-11-16T06:33:09.946794800Z cols=,true,rows=,false,levels=,false,tiles=,true,downscale=,10240,crop=,1024,write=,0,await=,1024, for size ,1, took,102, cpu total ,588031, per process ,588031
 2021-11-16T06:34:54.673034500Z cols=,true,rows=,false,levels=,false,tiles=,true,downscale=,10240,crop=,1024,write=,1024,await=,1024, for size ,1, took,97, cpu total ,615984, per process ,615984
 2021-11-16T06:36:46.583807100Z cols=,true,rows=,false,levels=,false,tiles=,true,downscale=,10240,crop=,10240,write=,0,await=,1024, for size ,1, took,104, cpu total ,611812, per process ,611812
 2021-11-16T06:38:34.655088600Z cols=,true,rows=,false,levels=,false,tiles=,true,downscale=,10240,crop=,10240,write=,1024,await=,1024, for size ,1, took,100, cpu total ,642046, per process ,642046
 2021-11-16T06:41:16.536306Z cols=,true,rows=,false,levels=,true,tiles=,false,downscale=,0,crop=,0,write=,0,await=,1024, for size ,1, took,155, cpu total ,512046, per process ,512046
 2021-11-16T06:43:40.521247400Z cols=,true,rows=,false,levels=,true,tiles=,false,downscale=,0,crop=,0,write=,1024,await=,1024, for size ,1, took,137, cpu total ,526500, per process ,526500
 2021-11-16T06:45:07.406261500Z cols=,true,rows=,false,levels=,true,tiles=,false,downscale=,0,crop=,1024,write=,0,await=,1024, for size ,1, took,80, cpu total ,522359, per process ,522359
 2021-11-16T06:46:28.917389100Z cols=,true,rows=,false,levels=,true,tiles=,false,downscale=,0,crop=,1024,write=,1024,await=,1024, for size ,1, took,75, cpu total ,544953, per process ,544953
 2021-11-16T06:47:59.952178300Z cols=,true,rows=,false,levels=,true,tiles=,false,downscale=,0,crop=,10240,write=,0,await=,1024, for size ,1, took,84, cpu total ,537046, per process ,537046
 2021-11-16T06:49:26.168583100Z cols=,true,rows=,false,levels=,true,tiles=,false,downscale=,0,crop=,10240,write=,1024,await=,1024, for size ,1, took,79, cpu total ,554750, per process ,554750
 2021-11-16T06:51:30.327495500Z cols=,true,rows=,false,levels=,true,tiles=,false,downscale=,1024,crop=,0,write=,0,await=,1024, for size ,1, took,117, cpu total ,499906, per process ,499906
 2021-11-16T06:53:27.376941Z cols=,true,rows=,false,levels=,true,tiles=,false,downscale=,1024,crop=,0,write=,1024,await=,1024, for size ,1, took,111, cpu total ,521609, per process ,521609
 2021-11-16T06:54:53.254542Z cols=,true,rows=,false,levels=,true,tiles=,false,downscale=,1024,crop=,1024,write=,0,await=,1024, for size ,1, took,80, cpu total ,538406, per process ,538406
 2021-11-16T06:56:14.820719500Z cols=,true,rows=,false,levels=,true,tiles=,false,downscale=,1024,crop=,1024,write=,1024,await=,1024, for size ,1, took,75, cpu total ,571859, per process ,571859
 2021-11-16T06:57:44.303096800Z cols=,true,rows=,false,levels=,true,tiles=,false,downscale=,1024,crop=,10240,write=,0,await=,1024, for size ,1, took,83, cpu total ,553218, per process ,553218
 2021-11-16T06:59:09.877474200Z cols=,true,rows=,false,levels=,true,tiles=,false,downscale=,1024,crop=,10240,write=,1024,await=,1024, for size ,1, took,79, cpu total ,580093, per process ,580093
 2021-11-16T07:01:18.277243200Z cols=,true,rows=,false,levels=,true,tiles=,false,downscale=,10240,crop=,0,write=,0,await=,1024, for size ,1, took,122, cpu total ,506343, per process ,506343
 2021-11-16T07:03:17.445614600Z cols=,true,rows=,false,levels=,true,tiles=,false,downscale=,10240,crop=,0,write=,1024,await=,1024, for size ,1, took,112, cpu total ,523390, per process ,523390
 2021-11-16T07:04:43.147553700Z cols=,true,rows=,false,levels=,true,tiles=,false,downscale=,10240,crop=,1024,write=,0,await=,1024, for size ,1, took,80, cpu total ,533921, per process ,533921
 2021-11-16T07:06:04.842847800Z cols=,true,rows=,false,levels=,true,tiles=,false,downscale=,10240,crop=,1024,write=,1024,await=,1024, for size ,1, took,75, cpu total ,563062, per process ,563062
 2021-11-16T07:07:35.391195100Z cols=,true,rows=,false,levels=,true,tiles=,false,downscale=,10240,crop=,10240,write=,0,await=,1024, for size ,1, took,83, cpu total ,556921, per process ,556921
 2021-11-16T07:08:59.372568400Z cols=,true,rows=,false,levels=,true,tiles=,false,downscale=,10240,crop=,10240,write=,1024,await=,1024, for size ,1, took,77, cpu total ,580859, per process ,580859
 2021-11-16T07:10:44.718370600Z cols=,true,rows=,false,levels=,true,tiles=,true,downscale=,0,crop=,0,write=,0,await=,1024, for size ,1, took,98, cpu total ,576234, per process ,576234
 2021-11-16T07:12:14.169718300Z cols=,true,rows=,false,levels=,true,tiles=,true,downscale=,0,crop=,0,write=,1024,await=,1024, for size ,1, took,83, cpu total ,598062, per process ,598062
 2021-11-16T07:13:37.337351800Z cols=,true,rows=,false,levels=,true,tiles=,true,downscale=,0,crop=,1024,write=,0,await=,1024, for size ,1, took,77, cpu total ,488500, per process ,488500
 2021-11-16T07:14:55.647569100Z cols=,true,rows=,false,levels=,true,tiles=,true,downscale=,0,crop=,1024,write=,1024,await=,1024, for size ,1, took,72, cpu total ,510171, per process ,510171
 2021-11-16T07:16:22.258333200Z cols=,true,rows=,false,levels=,true,tiles=,true,downscale=,0,crop=,10240,write=,0,await=,1024, for size ,1, took,80, cpu total ,503984, per process ,503984
 2021-11-16T07:17:44.334974600Z cols=,true,rows=,false,levels=,true,tiles=,true,downscale=,0,crop=,10240,write=,1024,await=,1024, for size ,1, took,76, cpu total ,532078, per process ,532078
 2021-11-16T07:19:13.819353Z cols=,true,rows=,false,levels=,true,tiles=,true,downscale=,1024,crop=,0,write=,0,await=,1024, for size ,1, took,82, cpu total ,525968, per process ,525968
 2021-11-16T07:20:35.669788600Z cols=,true,rows=,false,levels=,true,tiles=,true,downscale=,1024,crop=,0,write=,1024,await=,1024, for size ,1, took,76, cpu total ,547406, per process ,547406
 2021-11-16T07:21:58.299933500Z cols=,true,rows=,false,levels=,true,tiles=,true,downscale=,1024,crop=,1024,write=,0,await=,1024, for size ,1, took,76, cpu total ,503859, per process ,503859
 2021-11-16T07:23:15.519157800Z cols=,true,rows=,false,levels=,true,tiles=,true,downscale=,1024,crop=,1024,write=,1024,await=,1024, for size ,1, took,71, cpu total ,524906, per process ,524906
 2021-11-16T07:24:39.051122900Z cols=,true,rows=,false,levels=,true,tiles=,true,downscale=,1024,crop=,10240,write=,0,await=,1024, for size ,1, took,77, cpu total ,508578, per process ,508578
 2021-11-16T07:25:57.623577500Z cols=,true,rows=,false,levels=,true,tiles=,true,downscale=,1024,crop=,10240,write=,1024,await=,1024, for size ,1, took,72, cpu total ,531375, per process ,531375
 2021-11-16T07:27:25.382386400Z cols=,true,rows=,false,levels=,true,tiles=,true,downscale=,10240,crop=,0,write=,0,await=,1024, for size ,1, took,81, cpu total ,522265, per process ,522265
 2021-11-16T07:28:48.387872900Z cols=,true,rows=,false,levels=,true,tiles=,true,downscale=,10240,crop=,0,write=,1024,await=,1024, for size ,1, took,77, cpu total ,549546, per process ,549546
 2021-11-16T07:30:13.269065100Z cols=,true,rows=,false,levels=,true,tiles=,true,downscale=,10240,crop=,1024,write=,0,await=,1024, for size ,1, took,78, cpu total ,519125, per process ,519125
 2021-11-16T07:31:33.106671800Z cols=,true,rows=,false,levels=,true,tiles=,true,downscale=,10240,crop=,1024,write=,1024,await=,1024, for size ,1, took,73, cpu total ,540656, per process ,540656
 2021-11-16T07:32:58.074942700Z cols=,true,rows=,false,levels=,true,tiles=,true,downscale=,10240,crop=,10240,write=,0,await=,1024, for size ,1, took,79, cpu total ,514859, per process ,514859
 2021-11-16T07:34:18.258861400Z cols=,true,rows=,false,levels=,true,tiles=,true,downscale=,10240,crop=,10240,write=,1024,await=,1024, for size ,1, took,74, cpu total ,550828, per process ,550828
 2021-11-16T07:38:14.933095900Z cols=,false,rows=,false,levels=,false,tiles=,false,downscale=,0,crop=,0,write=,0,await=,1024, for size ,2, took,230, cpu total ,738109, per process ,369054
 2021-11-16T07:42:04.072478Z cols=,false,rows=,false,levels=,false,tiles=,false,downscale=,0,crop=,0,write=,1024,await=,1024, for size ,2, took,216, cpu total ,800703, per process ,400351
 2021-11-16T07:45:00.616029100Z cols=,false,rows=,false,levels=,false,tiles=,false,downscale=,0,crop=,1024,write=,0,await=,1024, for size ,2, took,164, cpu total ,774375, per process ,387187
 2021-11-16T07:47:53.412172500Z cols=,false,rows=,false,levels=,false,tiles=,false,downscale=,0,crop=,1024,write=,1024,await=,1024, for size ,2, took,159, cpu total ,811953, per process ,405976
 2021-11-16T07:50:49.271100600Z cols=,false,rows=,false,levels=,false,tiles=,false,downscale=,0,crop=,10240,write=,0,await=,1024, for size ,2, took,163, cpu total ,778765, per process ,389382
 2021-11-16T07:53:44.488447300Z cols=,false,rows=,false,levels=,false,tiles=,false,downscale=,0,crop=,10240,write=,1024,await=,1024, for size ,2, took,159, cpu total ,816734, per process ,408367
 2021-11-16T07:57:17.394065900Z cols=,false,rows=,false,levels=,false,tiles=,false,downscale=,1024,crop=,0,write=,0,await=,1024, for size ,2, took,194, cpu total ,675765, per process ,337882
 2021-11-16T08:00:42.390953700Z cols=,false,rows=,false,levels=,false,tiles=,false,downscale=,1024,crop=,0,write=,1024,await=,1024, for size ,2, took,192, cpu total ,747187, per process ,373593
 2021-11-16T08:03:35.713575600Z cols=,false,rows=,false,levels=,false,tiles=,false,downscale=,1024,crop=,1024,write=,0,await=,1024, for size ,2, took,159, cpu total ,755625, per process ,377812
 2021-11-16T08:06:25.377870300Z cols=,false,rows=,false,levels=,false,tiles=,false,downscale=,1024,crop=,1024,write=,1024,await=,1024, for size ,2, took,156, cpu total ,808515, per process ,404257
 2021-11-16T08:09:17.505405300Z cols=,false,rows=,false,levels=,false,tiles=,false,downscale=,1024,crop=,10240,write=,0,await=,1024, for size ,2, took,159, cpu total ,784984, per process ,392492
 2021-11-16T08:12:12.753289400Z cols=,false,rows=,false,levels=,false,tiles=,false,downscale=,1024,crop=,10240,write=,1024,await=,1024, for size ,2, took,158, cpu total ,845390, per process ,422695
 2021-11-16T08:15:38.942800200Z cols=,false,rows=,false,levels=,false,tiles=,false,downscale=,10240,crop=,0,write=,0,await=,1024, for size ,2, took,189, cpu total ,670906, per process ,335453
 2021-11-16T08:18:53.783991100Z cols=,false,rows=,false,levels=,false,tiles=,false,downscale=,10240,crop=,0,write=,1024,await=,1024, for size ,2, took,179, cpu total ,706140, per process ,353070
 2021-11-16T08:21:42.080057600Z cols=,false,rows=,false,levels=,false,tiles=,false,downscale=,10240,crop=,1024,write=,0,await=,1024, for size ,2, took,154, cpu total ,725187, per process ,362593
 2021-11-16T08:24:30.902586900Z cols=,false,rows=,false,levels=,false,tiles=,false,downscale=,10240,crop=,1024,write=,1024,await=,1024, for size ,2, took,153, cpu total ,755953, per process ,377976
 2021-11-16T08:27:27.664336500Z cols=,false,rows=,false,levels=,false,tiles=,false,downscale=,10240,crop=,10240,write=,0,await=,1024, for size ,2, took,160, cpu total ,811515, per process ,405757
 2021-11-16T08:30:26.168670900Z cols=,false,rows=,false,levels=,false,tiles=,false,downscale=,10240,crop=,10240,write=,1024,await=,1024, for size ,2, took,163, cpu total ,860640, per process ,430320
 2021-11-16T08:33:52.523332100Z cols=,false,rows=,false,levels=,false,tiles=,true,downscale=,0,crop=,0,write=,0,await=,1024, for size ,2, took,190, cpu total ,846140, per process ,423070
 2021-11-16T08:36:57.979988300Z cols=,false,rows=,false,levels=,false,tiles=,true,downscale=,0,crop=,0,write=,1024,await=,1024, for size ,2, took,173, cpu total ,904562, per process ,452281
 2021-11-16T08:39:40.924171700Z cols=,false,rows=,false,levels=,false,tiles=,true,downscale=,0,crop=,1024,write=,0,await=,1024, for size ,2, took,150, cpu total ,676109, per process ,338054
 2021-11-16T08:42:22.725321400Z cols=,false,rows=,false,levels=,false,tiles=,true,downscale=,0,crop=,1024,write=,1024,await=,1024, for size ,2, took,149, cpu total ,740000, per process ,370000
 2021-11-16T08:45:10.458860200Z cols=,false,rows=,false,levels=,false,tiles=,true,downscale=,0,crop=,10240,write=,0,await=,1024, for size ,2, took,155, cpu total ,712265, per process ,356132
 2021-11-16T08:48:00.472472800Z cols=,false,rows=,false,levels=,false,tiles=,true,downscale=,0,crop=,10240,write=,1024,await=,1024, for size ,2, took,154, cpu total ,754593, per process ,377296
 2021-11-16T08:50:51.918387900Z cols=,false,rows=,false,levels=,false,tiles=,true,downscale=,1024,crop=,0,write=,0,await=,1024, for size ,2, took,155, cpu total ,711015, per process ,355507
 2021-11-16T08:53:37.275280700Z cols=,false,rows=,false,levels=,false,tiles=,true,downscale=,1024,crop=,0,write=,1024,await=,1024, for size ,2, took,152, cpu total ,761968, per process ,380984
 2021-11-16T08:56:19.370692900Z cols=,false,rows=,false,levels=,false,tiles=,true,downscale=,1024,crop=,1024,write=,0,await=,1024, for size ,2, took,149, cpu total ,678281, per process ,339140
 2021-11-16T08:58:59.122973200Z cols=,false,rows=,false,levels=,false,tiles=,true,downscale=,1024,crop=,1024,write=,1024,await=,1024, for size ,2, took,147, cpu total ,732484, per process ,366242
 2021-11-16T09:01:46.509945100Z cols=,false,rows=,false,levels=,false,tiles=,true,downscale=,1024,crop=,10240,write=,0,await=,1024, for size ,2, took,154, cpu total ,711140, per process ,355570
 2021-11-16T09:04:34.586796500Z cols=,false,rows=,false,levels=,false,tiles=,true,downscale=,1024,crop=,10240,write=,1024,await=,1024, for size ,2, took,152, cpu total ,744562, per process ,372281
 2021-11-16T09:07:25.166923600Z cols=,false,rows=,false,levels=,false,tiles=,true,downscale=,10240,crop=,0,write=,0,await=,1024, for size ,2, took,155, cpu total ,682125, per process ,341062
 2021-11-16T09:10:13.911381900Z cols=,false,rows=,false,levels=,false,tiles=,true,downscale=,10240,crop=,0,write=,1024,await=,1024, for size ,2, took,154, cpu total ,740296, per process ,370148
 2021-11-16T09:12:55.929723400Z cols=,false,rows=,false,levels=,false,tiles=,true,downscale=,10240,crop=,1024,write=,0,await=,1024, for size ,2, took,147, cpu total ,660156, per process ,330078
 2021-11-16T09:15:41.467265700Z cols=,false,rows=,false,levels=,false,tiles=,true,downscale=,10240,crop=,1024,write=,1024,await=,1024, for size ,2, took,149, cpu total ,709828, per process ,354914
 2021-11-16T09:18:34.957039600Z cols=,false,rows=,false,levels=,false,tiles=,true,downscale=,10240,crop=,10240,write=,0,await=,1024, for size ,2, took,157, cpu total ,758250, per process ,379125
 2021-11-16T09:21:26.228795700Z cols=,false,rows=,false,levels=,false,tiles=,true,downscale=,10240,crop=,10240,write=,1024,await=,1024, for size ,2, took,155, cpu total ,794156, per process ,397078
 2021-11-16T09:24:45.935411400Z cols=,false,rows=,false,levels=,true,tiles=,false,downscale=,0,crop=,0,write=,0,await=,1024, for size ,2, took,183, cpu total ,900718, per process ,450359
 2021-11-16T09:27:47.572594600Z cols=,false,rows=,false,levels=,true,tiles=,false,downscale=,0,crop=,0,write=,1024,await=,1024, for size ,2, took,169, cpu total ,971625, per process ,485812
 2021-11-16T09:29:59.338424300Z cols=,false,rows=,false,levels=,true,tiles=,false,downscale=,0,crop=,1024,write=,0,await=,1024, for size ,2, took,119, cpu total ,914578, per process ,457289
 2021-11-16T09:32:03.821633300Z cols=,false,rows=,false,levels=,true,tiles=,false,downscale=,0,crop=,1024,write=,1024,await=,1024, for size ,2, took,111, cpu total ,949921, per process ,474960
 2021-11-16T09:34:15.092012800Z cols=,false,rows=,false,levels=,true,tiles=,false,downscale=,0,crop=,10240,write=,0,await=,1024, for size ,2, took,119, cpu total ,929250, per process ,464625
 2021-11-16T09:36:26.742737500Z cols=,false,rows=,false,levels=,true,tiles=,false,downscale=,0,crop=,10240,write=,1024,await=,1024, for size ,2, took,115, cpu total ,973562, per process ,486781
 2021-11-16T09:39:04.271996600Z cols=,false,rows=,false,levels=,true,tiles=,false,downscale=,1024,crop=,0,write=,0,await=,1024, for size ,2, took,141, cpu total ,771812, per process ,385906
 2021-11-16T09:41:33.754937700Z cols=,false,rows=,false,levels=,true,tiles=,false,downscale=,1024,crop=,0,write=,1024,await=,1024, for size ,2, took,137, cpu total ,820656, per process ,410328
 2021-11-16T09:43:36.789827100Z cols=,false,rows=,false,levels=,true,tiles=,false,downscale=,1024,crop=,1024,write=,0,await=,1024, for size ,2, took,110, cpu total ,854296, per process ,427148
 2021-11-16T09:45:38.760748900Z cols=,false,rows=,false,levels=,true,tiles=,false,downscale=,1024,crop=,1024,write=,1024,await=,1024, for size ,2, took,109, cpu total ,909859, per process ,454929
 2021-11-16T09:47:45.881353800Z cols=,false,rows=,false,levels=,true,tiles=,false,downscale=,1024,crop=,10240,write=,0,await=,1024, for size ,2, took,113, cpu total ,885125, per process ,442562
 2021-11-16T09:49:55.011787300Z cols=,false,rows=,false,levels=,true,tiles=,false,downscale=,1024,crop=,10240,write=,1024,await=,1024, for size ,2, took,114, cpu total ,933437, per process ,466718
 2021-11-16T09:52:34.061001800Z cols=,false,rows=,false,levels=,true,tiles=,false,downscale=,10240,crop=,0,write=,0,await=,1024, for size ,2, took,142, cpu total ,768453, per process ,384226
 2021-11-16T09:55:06.017204600Z cols=,false,rows=,false,levels=,true,tiles=,false,downscale=,10240,crop=,0,write=,1024,await=,1024, for size ,2, took,139, cpu total ,828187, per process ,414093
 2021-11-16T09:57:11.592403800Z cols=,false,rows=,false,levels=,true,tiles=,false,downscale=,10240,crop=,1024,write=,0,await=,1024, for size ,2, took,110, cpu total ,838281, per process ,419140
 2021-11-16T09:59:17.215389900Z cols=,false,rows=,false,levels=,true,tiles=,false,downscale=,10240,crop=,1024,write=,1024,await=,1024, for size ,2, took,110, cpu total ,883515, per process ,441757
 2021-11-16T10:01:34.257066800Z cols=,false,rows=,false,levels=,true,tiles=,false,downscale=,10240,crop=,10240,write=,0,await=,1024, for size ,2, took,121, cpu total ,942234, per process ,471117
 2021-11-16T10:03:48.135817Z cols=,false,rows=,false,levels=,true,tiles=,false,downscale=,10240,crop=,10240,write=,1024,await=,1024, for size ,2, took,118, cpu total ,977718, per process ,488859
 2021-11-16T10:06:24.208751200Z cols=,false,rows=,false,levels=,true,tiles=,true,downscale=,0,crop=,0,write=,0,await=,1024, for size ,2, took,140, cpu total ,995984, per process ,497992
 2021-11-16T10:08:45.435184300Z cols=,false,rows=,false,levels=,true,tiles=,true,downscale=,0,crop=,0,write=,1024,await=,1024, for size ,2, took,129, cpu total ,1068625, per process ,534312
 2021-11-16T10:10:46.856606500Z cols=,false,rows=,false,levels=,true,tiles=,true,downscale=,0,crop=,1024,write=,0,await=,1024, for size ,2, took,108, cpu total ,833609, per process ,416804
 2021-11-16T10:12:45.351367600Z cols=,false,rows=,false,levels=,true,tiles=,true,downscale=,0,crop=,1024,write=,1024,await=,1024, for size ,2, took,105, cpu total ,865421, per process ,432710
 2021-11-16T10:14:49.133937Z cols=,false,rows=,false,levels=,true,tiles=,true,downscale=,0,crop=,10240,write=,0,await=,1024, for size ,2, took,111, cpu total ,865812, per process ,432906
 2021-11-16T10:16:55.642985500Z cols=,false,rows=,false,levels=,true,tiles=,true,downscale=,0,crop=,10240,write=,1024,await=,1024, for size ,2, took,110, cpu total ,906468, per process ,453234
 2021-11-16T10:19:05.759315300Z cols=,false,rows=,false,levels=,true,tiles=,true,downscale=,1024,crop=,0,write=,0,await=,1024, for size ,2, took,114, cpu total ,820781, per process ,410390
 2021-11-16T10:21:09.671003500Z cols=,false,rows=,false,levels=,true,tiles=,true,downscale=,1024,crop=,0,write=,1024,await=,1024, for size ,2, took,110, cpu total ,884796, per process ,442398
 2021-11-16T10:23:08.063671Z cols=,false,rows=,false,levels=,true,tiles=,true,downscale=,1024,crop=,1024,write=,0,await=,1024, for size ,2, took,106, cpu total ,792828, per process ,396414
 2021-11-16T10:25:03.326492500Z cols=,false,rows=,false,levels=,true,tiles=,true,downscale=,1024,crop=,1024,write=,1024,await=,1024, for size ,2, took,102, cpu total ,844968, per process ,422484
 2021-11-16T10:27:04.774941100Z cols=,false,rows=,false,levels=,true,tiles=,true,downscale=,1024,crop=,10240,write=,0,await=,1024, for size ,2, took,108, cpu total ,824453, per process ,412226
 2021-11-16T10:29:09.493359700Z cols=,false,rows=,false,levels=,true,tiles=,true,downscale=,1024,crop=,10240,write=,1024,await=,1024, for size ,2, took,108, cpu total ,862625, per process ,431312
 2021-11-16T10:31:22.239080900Z cols=,false,rows=,false,levels=,true,tiles=,true,downscale=,10240,crop=,0,write=,0,await=,1024, for size ,2, took,116, cpu total ,834625, per process ,417312
 2021-11-16T10:33:27.836299900Z cols=,false,rows=,false,levels=,true,tiles=,true,downscale=,10240,crop=,0,write=,1024,await=,1024, for size ,2, took,110, cpu total ,852593, per process ,426296
 2021-11-16T10:35:27.784382300Z cols=,false,rows=,false,levels=,true,tiles=,true,downscale=,10240,crop=,1024,write=,0,await=,1024, for size ,2, took,104, cpu total ,774906, per process ,387453
 2021-11-16T10:37:26.417269400Z cols=,false,rows=,false,levels=,true,tiles=,true,downscale=,10240,crop=,1024,write=,1024,await=,1024, for size ,2, took,103, cpu total ,821875, per process ,410937
 2021-11-16T10:39:35.384553700Z cols=,false,rows=,false,levels=,true,tiles=,true,downscale=,10240,crop=,10240,write=,0,await=,1024, for size ,2, took,113, cpu total ,875359, per process ,437679
 2021-11-16T10:41:44.183684600Z cols=,false,rows=,false,levels=,true,tiles=,true,downscale=,10240,crop=,10240,write=,1024,await=,1024, for size ,2, took,113, cpu total ,923421, per process ,461710
 2021-11-16T10:45:22.991671300Z cols=,true,rows=,false,levels=,false,tiles=,false,downscale=,0,crop=,0,write=,0,await=,1024, for size ,2, took,202, cpu total ,1222796, per process ,611398
 2021-11-16T10:48:46.778998100Z cols=,true,rows=,false,levels=,false,tiles=,false,downscale=,0,crop=,0,write=,1024,await=,1024, for size ,2, took,191, cpu total ,1305359, per process ,652679
 2021-11-16T10:51:33.502619600Z cols=,true,rows=,false,levels=,false,tiles=,false,downscale=,0,crop=,1024,write=,0,await=,1024, for size ,2, took,153, cpu total ,1264515, per process ,632257
 2021-11-16T10:54:14.790295600Z cols=,true,rows=,false,levels=,false,tiles=,false,downscale=,0,crop=,1024,write=,1024,await=,1024, for size ,2, took,148, cpu total ,1287156, per process ,643578
 2021-11-16T10:57:02.453770800Z cols=,true,rows=,false,levels=,false,tiles=,false,downscale=,0,crop=,10240,write=,0,await=,1024, for size ,2, took,154, cpu total ,1262421, per process ,631210
 2021-11-16T10:59:50.469084Z cols=,true,rows=,false,levels=,false,tiles=,false,downscale=,0,crop=,10240,write=,1024,await=,1024, for size ,2, took,153, cpu total ,1317343, per process ,658671
 2021-11-16T11:03:09.057683700Z cols=,true,rows=,false,levels=,false,tiles=,false,downscale=,1024,crop=,0,write=,0,await=,1024, for size ,2, took,183, cpu total ,1160718, per process ,580359
 2021-11-16T11:06:13.438361Z cols=,true,rows=,false,levels=,false,tiles=,false,downscale=,1024,crop=,0,write=,1024,await=,1024, for size ,2, took,171, cpu total ,1185765, per process ,592882
 2021-11-16T11:08:52.843325900Z cols=,true,rows=,false,levels=,false,tiles=,false,downscale=,1024,crop=,1024,write=,0,await=,1024, for size ,2, took,146, cpu total ,1233843, per process ,616921
 2021-11-16T11:11:30.858027100Z cols=,true,rows=,false,levels=,false,tiles=,false,downscale=,1024,crop=,1024,write=,1024,await=,1024, for size ,2, took,144, cpu total ,1248437, per process ,624218
 2021-11-16T11:14:11.592200500Z cols=,true,rows=,false,levels=,false,tiles=,false,downscale=,1024,crop=,10240,write=,0,await=,1024, for size ,2, took,147, cpu total ,1233078, per process ,616539
 2021-11-16T11:16:54.636474900Z cols=,true,rows=,false,levels=,false,tiles=,false,downscale=,1024,crop=,10240,write=,1024,await=,1024, for size ,2, took,147, cpu total ,1281671, per process ,640835
 2021-11-16T11:20:06.691131400Z cols=,true,rows=,false,levels=,false,tiles=,false,downscale=,10240,crop=,0,write=,0,await=,1024, for size ,2, took,176, cpu total ,1123312, per process ,561656
 2021-11-16T11:23:09.973811400Z cols=,true,rows=,false,levels=,false,tiles=,false,downscale=,10240,crop=,0,write=,1024,await=,1024, for size ,2, took,168, cpu total ,1170515, per process ,585257
 2021-11-16T11:25:48.016537600Z cols=,true,rows=,false,levels=,false,tiles=,false,downscale=,10240,crop=,1024,write=,0,await=,1024, for size ,2, took,144, cpu total ,1194421, per process ,597210
 2021-11-16T11:28:24.099480900Z cols=,true,rows=,false,levels=,false,tiles=,false,downscale=,10240,crop=,1024,write=,1024,await=,1024, for size ,2, took,143, cpu total ,1229250, per process ,614625
 2021-11-16T11:31:08.652751100Z cols=,true,rows=,false,levels=,false,tiles=,false,downscale=,10240,crop=,10240,write=,0,await=,1024, for size ,2, took,149, cpu total ,1249906, per process ,624953
 2021-11-16T11:33:52.913131700Z cols=,true,rows=,false,levels=,false,tiles=,false,downscale=,10240,crop=,10240,write=,1024,await=,1024, for size ,2, took,149, cpu total ,1299312, per process ,649656
 2021-11-16T11:36:54.931661100Z cols=,true,rows=,false,levels=,false,tiles=,true,downscale=,0,crop=,0,write=,0,await=,1024, for size ,2, took,166, cpu total ,1340312, per process ,670156
 2021-11-16T11:39:39.803597400Z cols=,true,rows=,false,levels=,false,tiles=,true,downscale=,0,crop=,0,write=,1024,await=,1024, for size ,2, took,152, cpu total ,1384890, per process ,692445
 2021-11-16T11:42:13.428305900Z cols=,true,rows=,false,levels=,false,tiles=,true,downscale=,0,crop=,1024,write=,0,await=,1024, for size ,2, took,141, cpu total ,1163359, per process ,581679
 2021-11-16T11:44:44.317526400Z cols=,true,rows=,false,levels=,false,tiles=,true,downscale=,0,crop=,1024,write=,1024,await=,1024, for size ,2, took,138, cpu total ,1189921, per process ,594960
 2021-11-16T11:47:22.369260700Z cols=,true,rows=,false,levels=,false,tiles=,true,downscale=,0,crop=,10240,write=,0,await=,1024, for size ,2, took,145, cpu total ,1185406, per process ,592703
 2021-11-16T11:50:02.227187600Z cols=,true,rows=,false,levels=,false,tiles=,true,downscale=,0,crop=,10240,write=,1024,await=,1024, for size ,2, took,143, cpu total ,1206890, per process ,603445
 2021-11-16T11:52:45.177314300Z cols=,true,rows=,false,levels=,false,tiles=,true,downscale=,1024,crop=,0,write=,0,await=,1024, for size ,2, took,147, cpu total ,1169296, per process ,584648
 2021-11-16T11:55:18.984197500Z cols=,true,rows=,false,levels=,false,tiles=,true,downscale=,1024,crop=,0,write=,1024,await=,1024, for size ,2, took,140, cpu total ,1201703, per process ,600851
 2021-11-16T11:57:52.217694800Z cols=,true,rows=,false,levels=,false,tiles=,true,downscale=,1024,crop=,1024,write=,0,await=,1024, for size ,2, took,140, cpu total ,1156203, per process ,578101
 2021-11-16T12:00:22.003694700Z cols=,true,rows=,false,levels=,false,tiles=,true,downscale=,1024,crop=,1024,write=,1024,await=,1024, for size ,2, took,138, cpu total ,1191406, per process ,595703
 2021-11-16T12:02:57.939024Z cols=,true,rows=,false,levels=,false,tiles=,true,downscale=,1024,crop=,10240,write=,0,await=,1024, for size ,2, took,142, cpu total ,1171375, per process ,585687
 2021-11-16T12:05:36.374166Z cols=,true,rows=,false,levels=,false,tiles=,true,downscale=,1024,crop=,10240,write=,1024,await=,1024, for size ,2, took,144, cpu total ,1226203, per process ,613101
 2021-11-16T12:08:16.206530900Z cols=,true,rows=,false,levels=,false,tiles=,true,downscale=,10240,crop=,0,write=,0,await=,1024, for size ,2, took,146, cpu total ,1156218, per process ,578109
 2021-11-16T12:10:53.349433400Z cols=,true,rows=,false,levels=,false,tiles=,true,downscale=,10240,crop=,0,write=,1024,await=,1024, for size ,2, took,144, cpu total ,1206890, per process ,603445
 2021-11-16T12:13:23.983444200Z cols=,true,rows=,false,levels=,false,tiles=,true,downscale=,10240,crop=,1024,write=,0,await=,1024, for size ,2, took,137, cpu total ,1122015, per process ,561007
 2021-11-16T12:15:55.752543900Z cols=,true,rows=,false,levels=,false,tiles=,true,downscale=,10240,crop=,1024,write=,1024,await=,1024, for size ,2, took,138, cpu total ,1162078, per process ,581039
 2021-11-16T12:18:32.658134900Z cols=,true,rows=,false,levels=,false,tiles=,true,downscale=,10240,crop=,10240,write=,0,await=,1024, for size ,2, took,144, cpu total ,1185718, per process ,592859
 2021-11-16T12:21:11.582401Z cols=,true,rows=,false,levels=,false,tiles=,true,downscale=,10240,crop=,10240,write=,1024,await=,1024, for size ,2, took,145, cpu total ,1224640, per process ,612320
 2021-11-16T12:24:19.288083Z cols=,true,rows=,false,levels=,true,tiles=,false,downscale=,0,crop=,0,write=,0,await=,1024, for size ,2, took,173, cpu total ,1022125, per process ,511062
 2021-11-16T12:27:17.114549700Z cols=,true,rows=,false,levels=,true,tiles=,false,downscale=,0,crop=,0,write=,1024,await=,1024, for size ,2, took,166, cpu total ,1101562, per process ,550781
 2021-11-16T12:29:32.828879300Z cols=,true,rows=,false,levels=,true,tiles=,false,downscale=,0,crop=,1024,write=,0,await=,1024, for size ,2, took,122, cpu total ,1040031, per process ,520015
 2021-11-16T12:31:45.605420300Z cols=,true,rows=,false,levels=,true,tiles=,false,downscale=,0,crop=,1024,write=,1024,await=,1024, for size ,2, took,120, cpu total ,1066453, per process ,533226
 2021-11-16T12:34:04.291580500Z cols=,true,rows=,false,levels=,true,tiles=,false,downscale=,0,crop=,10240,write=,0,await=,1024, for size ,2, took,126, cpu total ,1050093, per process ,525046
 2021-11-16T12:36:22.110725900Z cols=,true,rows=,false,levels=,true,tiles=,false,downscale=,0,crop=,10240,write=,1024,await=,1024, for size ,2, took,125, cpu total ,1097640, per process ,548820
 2021-11-16T12:39:08.844358Z cols=,true,rows=,false,levels=,true,tiles=,false,downscale=,1024,crop=,0,write=,0,await=,1024, for size ,2, took,152, cpu total ,990093, per process ,495046
 2021-11-16T12:41:48.948962100Z cols=,true,rows=,false,levels=,true,tiles=,false,downscale=,1024,crop=,0,write=,1024,await=,1024, for size ,2, took,146, cpu total ,1057937, per process ,528968
 2021-11-16T12:44:06.826729800Z cols=,true,rows=,false,levels=,true,tiles=,false,downscale=,1024,crop=,1024,write=,0,await=,1024, for size ,2, took,123, cpu total ,1077453, per process ,538726
 2021-11-16T12:46:22.209020900Z cols=,true,rows=,false,levels=,true,tiles=,false,downscale=,1024,crop=,1024,write=,1024,await=,1024, for size ,2, took,123, cpu total ,1126828, per process ,563414
 2021-11-16T12:48:39.829785100Z cols=,true,rows=,false,levels=,true,tiles=,false,downscale=,1024,crop=,10240,write=,0,await=,1024, for size ,2, took,124, cpu total ,1096328, per process ,548164
 2021-11-16T12:50:58.841649800Z cols=,true,rows=,false,levels=,true,tiles=,false,downscale=,1024,crop=,10240,write=,1024,await=,1024, for size ,2, took,124, cpu total ,1141656, per process ,570828
 2021-11-16T12:53:46.328980Z cols=,true,rows=,false,levels=,true,tiles=,false,downscale=,10240,crop=,0,write=,0,await=,1024, for size ,2, took,152, cpu total ,979250, per process ,489625
 2021-11-16T12:56:29.293835200Z cols=,true,rows=,false,levels=,true,tiles=,false,downscale=,10240,crop=,0,write=,1024,await=,1024, for size ,2, took,150, cpu total ,1052140, per process ,526070
 2021-11-16T12:58:45.887335300Z cols=,true,rows=,false,levels=,true,tiles=,false,downscale=,10240,crop=,1024,write=,0,await=,1024, for size ,2, took,123, cpu total ,1066171, per process ,533085
 2021-11-16T13:01:04.087879400Z cols=,true,rows=,false,levels=,true,tiles=,false,downscale=,10240,crop=,1024,write=,1024,await=,1024, for size ,2, took,125, cpu total ,1110625, per process ,555312
 2021-11-16T13:03:27.993601800Z cols=,true,rows=,false,levels=,true,tiles=,false,downscale=,10240,crop=,10240,write=,0,await=,1024, for size ,2, took,129, cpu total ,1137734, per process ,568867
 2021-11-16T13:05:49.037002200Z cols=,true,rows=,false,levels=,true,tiles=,false,downscale=,10240,crop=,10240,write=,1024,await=,1024, for size ,2, took,127, cpu total ,1148515, per process ,574257
 2021-11-16T13:08:21.386056900Z cols=,true,rows=,false,levels=,true,tiles=,true,downscale=,0,crop=,0,write=,0,await=,1024, for size ,2, took,138, cpu total ,1135828, per process ,567914
 2021-11-16T13:10:42.711870400Z cols=,true,rows=,false,levels=,true,tiles=,true,downscale=,0,crop=,0,write=,1024,await=,1024, for size ,2, took,129, cpu total ,1188500, per process ,594250
 2021-11-16T13:12:52.479158900Z cols=,true,rows=,false,levels=,true,tiles=,true,downscale=,0,crop=,1024,write=,0,await=,1024, for size ,2, took,117, cpu total ,976062, per process ,488031
 2021-11-16T13:15:00.100931800Z cols=,true,rows=,false,levels=,true,tiles=,true,downscale=,0,crop=,1024,write=,1024,await=,1024, for size ,2, took,115, cpu total ,1004968, per process ,502484
 2021-11-16T13:17:13.122969400Z cols=,true,rows=,false,levels=,true,tiles=,true,downscale=,0,crop=,10240,write=,0,await=,1024, for size ,2, took,120, cpu total ,999140, per process ,499570
 2021-11-16T13:19:25.460082100Z cols=,true,rows=,false,levels=,true,tiles=,true,downscale=,0,crop=,10240,write=,1024,await=,1024, for size ,2, took,119, cpu total ,1037781, per process ,518890
 2021-11-16T13:21:46.485389300Z cols=,true,rows=,false,levels=,true,tiles=,true,downscale=,1024,crop=,0,write=,0,await=,1024, for size ,2, took,127, cpu total ,1036453, per process ,518226
 2021-11-16T13:23:58.968246Z cols=,true,rows=,false,levels=,true,tiles=,true,downscale=,1024,crop=,0,write=,1024,await=,1024, for size ,2, took,119, cpu total ,1070156, per process ,535078
 2021-11-16T13:26:09.338703600Z cols=,true,rows=,false,levels=,true,tiles=,true,downscale=,1024,crop=,1024,write=,0,await=,1024, for size ,2, took,117, cpu total ,1014250, per process ,507125
 2021-11-16T13:28:19.182763400Z cols=,true,rows=,false,levels=,true,tiles=,true,downscale=,1024,crop=,1024,write=,1024,await=,1024, for size ,2, took,117, cpu total ,1054140, per process ,527070
 2021-11-16T13:30:32.123514600Z cols=,true,rows=,false,levels=,true,tiles=,true,downscale=,1024,crop=,10240,write=,0,await=,1024, for size ,2, took,120, cpu total ,1045593, per process ,522796
 2021-11-16T13:32:46.220832500Z cols=,true,rows=,false,levels=,true,tiles=,true,downscale=,1024,crop=,10240,write=,1024,await=,1024, for size ,2, took,120, cpu total ,1075015, per process ,537507
 2021-11-16T13:35:06.882115400Z cols=,true,rows=,false,levels=,true,tiles=,true,downscale=,10240,crop=,0,write=,0,await=,1024, for size ,2, took,126, cpu total ,1040671, per process ,520335
 2021-11-16T13:37:22.471572Z cols=,true,rows=,false,levels=,true,tiles=,true,downscale=,10240,crop=,0,write=,1024,await=,1024, for size ,2, took,123, cpu total ,1077421, per process ,538710
 2021-11-16T13:39:33.412946600Z cols=,true,rows=,false,levels=,true,tiles=,true,downscale=,10240,crop=,1024,write=,0,await=,1024, for size ,2, took,117, cpu total ,1006968, per process ,503484
 2021-11-16T13:41:41.582856900Z cols=,true,rows=,false,levels=,true,tiles=,true,downscale=,10240,crop=,1024,write=,1024,await=,1024, for size ,2, took,115, cpu total ,1018750, per process ,509375
 2021-11-16T13:44:00.990580100Z cols=,true,rows=,false,levels=,true,tiles=,true,downscale=,10240,crop=,10240,write=,0,await=,1024, for size ,2, took,124, cpu total ,1082203, per process ,541101
 2021-11-16T13:46:17.008324700Z cols=,true,rows=,false,levels=,true,tiles=,true,downscale=,10240,crop=,10240,write=,1024,await=,1024, for size ,2, took,123, cpu total ,1099000, per process ,549500
 2021-11-16T13:52:19.925729200Z cols=,false,rows=,false,levels=,false,tiles=,false,downscale=,0,crop=,0,write=,0,await=,1024, for size ,6, took,349, cpu total ,2605640, per process ,434273
 2021-11-16T13:58:53.569201900Z cols=,false,rows=,false,levels=,false,tiles=,false,downscale=,0,crop=,0,write=,1024,await=,1024, for size ,6, took,346, cpu total ,2888156, per process ,481359
 2021-11-16T14:04:41.498424900Z cols=,false,rows=,false,levels=,false,tiles=,false,downscale=,0,crop=,1024,write=,0,await=,1024, for size ,6, took,298, cpu total ,2632312, per process ,438718
 2021-11-16T14:10:41.407419400Z cols=,false,rows=,false,levels=,false,tiles=,false,downscale=,0,crop=,1024,write=,1024,await=,1024, for size ,6, took,305, cpu total ,2754000, per process ,459000
  2021-11-16T17:32:34.487300700Z cols=,false,rows=,false,levels=,false,tiles=,false,downscale=,0,crop=,0,write=,0,await=,1024, for size ,6, took ,275, cpu total ,2166718, per process ,361119
  2021-11-16T17:37:29.392638400Z cols=,false,rows=,false,levels=,false,tiles=,false,downscale=,0,crop=,1024,write=,0,await=,1024, for size ,6, took ,239, cpu total ,2198812, per process ,366468
  2021-11-16T17:42:50.544474900Z cols=,false,rows=,false,levels=,false,tiles=,false,downscale=,1024,crop=,0,write=,0,await=,1024, for size ,6, took ,264, cpu total ,2162093, per process ,360348
  2021-11-16T17:48:03.126757100Z cols=,false,rows=,false,levels=,false,tiles=,false,downscale=,1024,crop=,1024,write=,0,await=,1024, for size ,6, took ,258, cpu total ,2372390, per process ,395398
   2021-11-16T18:00:16.044686600Z cols=,false,rows=,false,levels=,false,tiles=,true,downscale=,0,crop=,0,write=,0,await=,1024, for size ,6, took ,272, cpu total ,2526968, per process ,421161
  2021-11-16T18:05:00.198553900Z cols=,false,rows=,false,levels=,false,tiles=,true,downscale=,0,crop=,1024,write=,0,await=,1024, for size ,6, took ,239, cpu total ,2165843, per process ,360973
  2021-11-16T18:10:17.125049300Z cols=,false,rows=,false,levels=,false,tiles=,true,downscale=,1024,crop=,0,write=,0,await=,1024, for size ,6, took ,265, cpu total ,2400187, per process ,400031
  2021-11-16T18:15:19.829822400Z cols=,false,rows=,false,levels=,false,tiles=,true,downscale=,1024,crop=,1024,write=,0,await=,1024, for size ,6, took ,250, cpu total ,2283843, per process ,380640
  2021-11-16T18:26:41.343196500Z cols=,false,rows=,false,levels=,true,tiles=,false,downscale=,0,crop=,0,write=,0,await=,1024, for size ,6, took ,260, cpu total ,2511296, per process ,418549
  2021-11-16T18:31:18.497913200Z cols=,false,rows=,false,levels=,true,tiles=,false,downscale=,0,crop=,1024,write=,0,await=,1024, for size ,6, took ,234, cpu total ,2485890, per process ,414315
  2021-11-16T18:35:53.018243200Z cols=,false,rows=,false,levels=,true,tiles=,false,downscale=,1024,crop=,0,write=,0,await=,1024, for size ,6, took ,220, cpu total ,2231046, per process ,371841
  2021-11-16T18:40:57.253518600Z cols=,false,rows=,false,levels=,true,tiles=,false,downscale=,1024,crop=,1024,write=,0,await=,1024, for size ,6, took ,248, cpu total ,2423546, per process ,403924
  2021-11-16T18:49:01.820432600Z cols=,false,rows=,false,levels=,true,tiles=,true,downscale=,0,crop=,0,write=,0,await=,1024, for size ,6, took ,262, cpu total ,2767796, per process ,461299
  2021-11-16T18:53:35.493913100Z cols=,false,rows=,false,levels=,true,tiles=,true,downscale=,0,crop=,1024,write=,0,await=,1024, for size ,6, took ,226, cpu total ,2395859, per process ,399309
  2021-11-16T18:58:19.076741700Z cols=,false,rows=,false,levels=,true,tiles=,true,downscale=,1024,crop=,0,write=,0,await=,1024, for size ,6, took ,228, cpu total ,2377843, per process ,396307
  2021-11-16T19:02:50.266076Z cols=,false,rows=,false,levels=,true,tiles=,true,downscale=,1024,crop=,1024,write=,0,await=,1024, for size ,6, took ,217, cpu total ,2337000, per process ,389500
  2021-11-16T19:18:10.185394200Z cols=,false,rows=,false,levels=,false,tiles=,false,downscale=,0,crop=,0,write=,0,await=,1024, for size ,12, took ,459, cpu total ,4996296, per process ,416358
  2021-11-16T19:28:35.497253400Z cols=,false,rows=,false,levels=,false,tiles=,false,downscale=,0,crop=,1024,write=,0,await=,1024, for size ,12, took ,470, cpu total ,5044109, per process ,420342
  2021-11-16T19:38:53.619591300Z cols=,false,rows=,false,levels=,false,tiles=,false,downscale=,1024,crop=,0,write=,0,await=,1024, for size ,12, took ,490, cpu total ,5130375, per process ,427531
  2021-11-16T19:49:46.186134400Z cols=,false,rows=,false,levels=,false,tiles=,false,downscale=,1024,crop=,1024,write=,0,await=,1024, for size ,12, took ,525, cpu total ,5723046, per process ,476920
  2021-11-16T20:04:27.771663100Z cols=,false,rows=,false,levels=,false,tiles=,true,downscale=,0,crop=,0,write=,0,await=,1024, for size ,12, took ,516, cpu total ,5237484, per process ,436457
  2021-11-16T20:13:53.077727600Z cols=,false,rows=,false,levels=,false,tiles=,true,downscale=,0,crop=,1024,write=,0,await=,1024, for size ,12, took ,443, cpu total ,4843968, per process ,403664
  2021-11-16T20:24:31.760826300Z cols=,false,rows=,false,levels=,false,tiles=,true,downscale=,1024,crop=,0,write=,0,await=,1024, for size ,12, took ,508, cpu total ,5308484, per process ,442373
  2021-11-16T20:35:06.152857600Z cols=,false,rows=,false,levels=,false,tiles=,true,downscale=,1024,crop=,1024,write=,0,await=,1024, for size ,12, took ,513, cpu total ,5546843, per process ,462236
  2021-11-16T20:54:25.463913900Z cols=,false,rows=,false,levels=,true,tiles=,false,downscale=,0,crop=,0,write=,0,await=,1024, for size ,12, took ,506, cpu total ,5147359, per process ,428946
  2021-11-16T21:04:28.350995900Z cols=,false,rows=,false,levels=,true,tiles=,false,downscale=,0,crop=,1024,write=,0,await=,1024, for size ,12, took ,481, cpu total ,5236890, per process ,436407
  2021-11-16T21:13:40.516411500Z cols=,false,rows=,false,levels=,true,tiles=,false,downscale=,1024,crop=,0,write=,0,await=,1024, for size ,12, took ,434, cpu total ,4728062, per process ,394005
  2021-11-16T21:23:28.715219400Z cols=,false,rows=,false,levels=,true,tiles=,false,downscale=,1024,crop=,1024,write=,0,await=,1024, for size ,12, took ,472, cpu total ,5178656, per process ,431554
  2021-11-16T21:39:25.902465400Z cols=,false,rows=,false,levels=,true,tiles=,true,downscale=,0,crop=,0,write=,0,await=,1024, for size ,12, took ,497, cpu total ,5464078, per process ,455339
  2021-11-16T21:49:08.341657500Z cols=,false,rows=,false,levels=,true,tiles=,true,downscale=,0,crop=,1024,write=,0,await=,1024, for size ,12, took ,462, cpu total ,5021578, per process ,418464
  2021-11-16T21:58:28.697899Z cols=,false,rows=,false,levels=,true,tiles=,true,downscale=,1024,crop=,0,write=,0,await=,1024, for size ,12, took ,433, cpu total ,4700515, per process ,391709
  2021-11-16T22:07:58.168660600Z cols=,false,rows=,false,levels=,true,tiles=,true,downscale=,1024,crop=,1024,write=,0,await=,1024, for size ,12, took ,444, cpu total ,4837625, per process ,403135
  